id	track	stage	claim	required_evidence	status	blocking
DI-INV-001	BASE	BASE	Sigma v3/IAP core bytes and semantics remain unchanged	v3 R12/R12.5 corpus byte-exact regression	PLANNED	YES
DI-INV-002	BASE	BASE	Sigma v2.2 remains frozen	v2.2 frozen corpus byte-exact regression	PLANNED	YES
DI-INV-003	BASE	BASE	Tree and Trajectory claims remain separated	manual adversarial review + docs audit	PLANNED	YES
DI-INV-004	BASE	BASE	Dual mode does not add nominal security bits	manual claim review	PLANNED	YES
DI-INV-005	BASE	BASE	One TreeCore authority	code ownership audit	PLANNED	YES
DI-INV-006	BASE	BASE	Unsupported incremental cases fail explicitly	negative tests	PLANNED	YES
DI-INV-007	BASE	BASE	Cheap validation precedes expensive work	parser/policy instrumentation tests	PLANNED	YES
DI-INV-008	BASE	BASE	Positive verification returns reconstructible evidence	API contract tests	PLANNED	NO
DI-INV-009	BASE	BASE	No unnecessary new cryptographic primitive	manual dependency/design audit	PLANNED	YES
DI-INV-010	BASE	BASE	Every operation has complexity ledger	benchmark ledger	PLANNED	YES
ST0-O01	ST	ST0	Deterministic chunking	unit + property	COMPLETE	YES
ST0-O02	ST	ST0	Leaf framing injectivity	structural proof + mutation tests	COMPLETE	YES
ST0-O03	ST	ST0	Node framing injectivity	structural proof + mutation tests	COMPLETE	YES
ST0-O04	ST	ST0	Unique normalized frontier	decomposition proof + exhaustive small n	COMPLETE	YES
ST0-O05	ST	ST0	Combine locality	unit + differential	COMPLETE	NO
ST0-O06	ST	ST0	Backend neutrality	differential scheduler tests	COMPLETE	YES
ST0-O07	ST	ST0	Unique empty root	KAT + negative tests	COMPLETE	YES
ST0-O08	ST	ST0	Legacy v2.2 isolation	legacy corpus + type/API tests	COMPLETE	YES
ST0-O09	ST	ST0	Resource-bounded parser	adversarial size tests + fuzz	COMPLETE	YES
ST0-O10	ST	ST0	Tree build/frontier complexity	complexity derivation + scale benchmark	COMPLETE	YES
ST1-O01	ST	ST1	Canonical relative paths	path property tests	COMPLETE	YES
ST1-O02	ST	ST1	Traversal independence	metamorphic traversal permutations	COMPLETE	YES
ST1-O03	ST	ST1	Absolute root-path independence	cross-directory fixtures	COMPLETE	YES
ST1-O04	ST	ST1	Duplicate path rejection	negative tests	COMPLETE	YES
ST1-O05	ST	ST1	Base metadata excludes host-volatile fields	touch/chown-style fixture tests where portable	COMPLETE	NO
ST1-O06	ST	ST1	Symlink policy is explicit	loop/traversal adversarial tests	COMPLETE	YES
ST1-O07	ST	ST1	Content change changes manifest	differential fixtures	COMPLETE	YES
ST1-O08	ST	ST1	Optional trajectory digest is exactly bound	manifest mutation tests	COMPLETE	NO
ST1-O09	ST	ST1	Canonical ordering by UTF-8 bytes	property tests	COMPLETE	YES
ST1-O10	ST	ST1	Manifest complexity contract	scale benchmark	COMPLETE	NO
ST2-O01	ST	ST2	Inclusion proof reconstructs root	property + independent verifier	COMPLETE	YES
ST2-O02	ST	ST2	Leaf position is bound	single-field mutation	COMPLETE	YES
ST2-O03	ST	ST2	Left/right orientation is bound	sibling swap tests	COMPLETE	YES
ST2-O04	ST	ST2	Length/count metadata is bound	mutation tests	COMPLETE	YES
ST2-O05	ST	ST2	Tree profile is bound	cross-profile negative tests	COMPLETE	YES
ST2-O06	ST	ST2	Independent proof verifier exists	reference consumer	COMPLETE	YES
ST2-O07	ST	ST2	Inclusion proof size O(m log N)	scale ledger	COMPLETE	NO
ST2-O08	ST	ST2	Range proof binds exact interval	property tests	COMPLETE	YES
ST2-O09	ST	ST2	Range cover is canonical	exhaustive small-tree proof + properties	COMPLETE	YES
ST2-O10	ST	ST2	Partial edge chunks are exact	boundary fixtures	COMPLETE	YES
ST2-O11	ST	ST2	Range verification needs no rest-of-object	I/O instrumentation	COMPLETE	YES
ST2-O12	ST	ST2	Invalid ranges reject before expensive hashing	negative + instrumentation	COMPLETE	YES
ST3-O01	ST	ST3	Resume equals direct build	random split differential	COMPLETE	YES
ST3-O02	ST	ST3	Checkpoint frontier normalized	codec + property	COMPLETE	YES
ST3-O03	ST	ST3	Tail strictly below chunk size	boundary tests	COMPLETE	YES
ST3-O04	ST	ST3	Offset arithmetic consistent	property tests	COMPLETE	YES
ST3-O05	ST	ST3	Profile cannot change on restore	negative tests	COMPLETE	YES
ST3-O06	ST	ST3	Checkpoint persistence transactional	failure injection	COMPLETE	YES
ST3-O07	ST	ST3	Source hints are not security evidence	API/docs audit	COMPLETE	NO
ST3-O08	ST	ST3	Restore cost O(m log N)	benchmark ledger	COMPLETE	NO
ST4-O01	ST	ST4	Delta update equals full rebuild	random differential	COMPLETE	YES
ST4-O02	ST	ST4	All affected leaves recomputed	instrumented dependency tests	COMPLETE	YES
ST4-O03	ST	ST4	Unaffected subtrees reused	instrumented dependency tests	COMPLETE	YES
ST4-O04	ST	ST4	Ancestor invalidation complete	minimality/completeness tests	COMPLETE	YES
ST4-O05	ST	ST4	Overlapping ranges normalized canonically	property tests	COMPLETE	YES
ST4-O06	ST	ST4	Delta update transactional	failure injection	COMPLETE	YES
ST4-O07	ST	ST4	Boundary-shifting edits return RebuildRequired	negative tests	COMPLETE	YES
ST4-O08	ST	ST4	Append equals full rebuild	random differential	COMPLETE	YES
ST4-O09	ST	ST4	Append reuses frontier	work counter + benchmark	COMPLETE	NO
ST5-O01	ST	ST5	Optimized Tree preserves reference bytes	differential suite	COMPLETE	YES
ST5-O02	ST	ST5	No hidden large copies	allocation/I/O telemetry	COMPLETE	NO
ST5-O03	ST	ST5	Streaming memory bounded	scale RSS ledger	COMPLETE	NO
ST5-O04	ST	ST5	Index policy fallback explicit	resource-policy tests	COMPLETE	YES
SV0-O01	SV	SV0	Audit projects exact SigmaDigestV3	R12.5 corpus replay	COMPLETE	YES
SV0-O02	SV	SV0	Audit replays successfully	v3 differential tests	COMPLETE	YES
SV0-O03	SV	SV0	Round cardinality matches t/k	suite property tests	COMPLETE	YES
SV0-O04	SV	SV0	Historical causality H_i -> H_i+1 exact	mutation + independent_v3 comparison	COMPLETE	YES
SV0-O05	SV	SV0	Audit links exact layout/frame IDs	corpus comparison	COMPLETE	YES
SV0-O06	SV	SV0	Deep vs DeepVector semantics preserved	cross-suite tests	COMPLETE	YES
SV0-O07	SV	SV0	Compact/full audits project same digest	differential	COMPLETE	YES
SV0-O08	SV	SV0	Audit makes no security-width claim	manual claim audit	COMPLETE	YES
SV1-O01	SV	SV1	Trajectory continuation equals direct suffix	all checkpoint indices differential	COMPLETE	YES
SV1-O02	SV	SV1	Final digest identical after resume	corpus + random tests	COMPLETE	YES
SV1-O03	SV	SV1	Binding/context/parameters immutable	negative tests	COMPLETE	YES
SV1-O04	SV	SV1	Round index cannot silently rewind/skip	negative tests	COMPLETE	YES
SV1-O05	SV	SV1	Internal checkpoint distinct from source verification	API separation review	COMPLETE	YES
SV1-O06	SV	SV1	Checkpoint codec canonical	codec fuzz + mutation	COMPLETE	YES
SV2-O01	SV	SV2	Parse validity does not imply policy acceptance	policy tests	COMPLETE	YES
SV2-O02	SV	SV2	Four-way decision explicit	API exhaustiveness tests	COMPLETE	YES
SV2-O03	SV	SV2	Policy cheap checks precede expensive work	instrumentation	COMPLETE	YES
SV2-O04	SV	SV2	Policy decision deterministic	repeatability tests	COMPLETE	YES
SV2-O05	SV	SV2	Normalized policy identity stable	KAT + codec tests	COMPLETE	YES
SV2-O06	SV	SV2	Defined strict-policy subset is monotone	property tests	COMPLETE	NO
SV2-O07	SV	SV2	Legacy v2.2 requires explicit opt-in	negative default tests	COMPLETE	YES
SV3-O01	SV	SV3	Receipt binds artifact/policy/verifier/result	mutation tests	COMPLETE	YES
SV3-O02	SV	SV3	Optional receipt signature covers canonical record	signature tests	COMPLETE	YES
SV3-O03	SV	SV3	Receipt does not imply opaque provenance truth	manual claim audit	COMPLETE	NO
SV3-O04	SV	SV3	Unsigned receipt marked unsigned	codec/API tests	COMPLETE	NO
SV3-O05	SV	SV3	Batch verify equals pointwise verify	differential	COMPLETE	YES
SV3-O06	SV	SV3	Batch item failures isolated	failure injection	COMPLETE	YES
SV3-O07	SV	SV3	Batch result ordering deterministic	property tests	COMPLETE	NO
SA0-O01	SA	SA0	Artifact profile requires exactly declared evidence	codec/type tests	COMPLETE	YES
SA0-O02	SA	SA0	ArtifactId calculation non-circular	KAT + mutation	COMPLETE	YES
SA0-O03	SA	SA0	Descriptor canonical	codec fuzz	COMPLETE	YES
SA0-O04	SA	SA0	Parent artifacts are bound	mutation tests	COMPLETE	NO
SA0-O05	SA	SA0	Manifest identity is bound	mutation tests	COMPLETE	YES
SA1-O01	SA	SA1	Dual verify equals Tree AND Trajectory	composition tests	COMPLETE	YES
SA1-O02	SA	SA1	Dual failure attribution preserved	negative tests	COMPLETE	YES
SA1-O03	SA	SA1	Tree and Trajectory claims stay independent	manual result-schema audit	COMPLETE	YES
SA1-O04	SA	SA1	Policy can require TREE/TRAJECTORY/DUAL	policy integration tests	COMPLETE	YES
SA1-O05	SA	SA1	Manifest selective trajectory criticality is explicit	mixed-entry tests	COMPLETE	NO
SA2-O01	SA	SA2	Provenance claim registry closed	codec tests	PLANNED	YES
SA2-O02	SA	SA2	Opaque provenance validates bytes only	API/docs audit	PLANNED	NO
SA2-O03	SA	SA2	Only standard supported signature primitive used	design audit	PLANNED	YES
SA2-O04	SA	SA2	Artifact signature domain isolated	signature KAT	PLANNED	YES
SA2-O05	SA	SA2	External adapters do not change ArtifactId	adapter differential	PLANNED	NO
SA2-O06	SA	SA2	Unknown claim handling explicit	negative tests	PLANNED	YES
REL0-O01	REL	REL0	All historical corpora remain byte-exact	v2.2 + v3 R12 + R12.5 gates	PLANNED	YES
REL1-O01	REL	REL1	Independent dual-integrity consumer reproduces wires	stdlib-only reference	PLANNED	YES
REL2-O01	REL	REL2	Clean wheel works outside checkout	isolated install smoke	PLANNED	YES
REL2-O02	REL	REL2	SBOM/package data complete	release artifact audit	PLANNED	YES
REL2-O03	REL	REL2	Documentation examples execute	doctest/example runner	PLANNED	YES
REL3-O01	REL	REL3	Manual adversarial release review closes all blocking obligations	obligation-by-obligation review	PLANNED	YES
PX0-O01	PX	PX0	Persistent index never changes TreeRoot or ArtifactId	index/no-index identity differential	PLANNED	YES
PX0-O02	PX	PX0	Persistent proof/delta/append results equal existing references	proof/delta differential corpus	PLANNED	YES
PX0-O03	PX	PX0	Stale or corrupt sidecar is detected before trusted use	mutation + stale-source tests	PLANNED	YES
PX0-O04	PX	PX0	Index publication is atomic and resource-bounded	failure injection + mmap/RSS ledger	PLANNED	YES
PX1-O01	PX	PX1	Store recomputes canonical ArtifactId before publication	wrong-key/ID negative tests	PLANNED	YES
PX1-O02	PX	PX1	Repeated put of identical artifact is idempotent	dedup/concurrency tests	PLANNED	YES
PX1-O03	PX	PX1	Crash cannot publish partial artifact/store metadata	failure injection	PLANNED	YES
PX1-O04	PX	PX1	Garbage collection preserves all artifacts reachable from declared roots	graph/GC property tests	PLANNED	YES
PX2-O01	PX	PX2	Lineage graph reflects identity-bound parent ArtifactIds exactly	artifact/graph differential	PLANNED	YES
PX2-O02	PX	PX2	Cycles and cycle policy are explicit	cycle adversarial tests	PLANNED	YES
PX2-O03	PX	PX2	Parents/children/ancestor queries are deterministic	query property tests	PLANNED	YES
PX2-O04	PX	PX2	Unresolved external parents remain explicit, never silently dropped	strict/external policy tests	PLANNED	YES
PX3-O01	PX	PX3	Local and remote stores preserve byte-identical canonical artifacts	backend differential	PLANNED	YES
PX3-O02	PX	PX3	Retry and duplicate remote writes are idempotent	fault/retry injection	PLANNED	YES
PX3-O03	PX	PX3	Resumed downloads/uploads verify integrity before publication	interrupted-transfer tests	PLANNED	YES
PX3-O04	PX	PX3	Credentials, cache state and remote object metadata do not alter ArtifactId	identity boundary tests	PLANNED	YES
PX4-O01	PX	PX4	Gateway decisions and receipts equal local library API	HTTP/local differential	PLANNED	YES
PX4-O02	PX	PX4	Request/resource limits reject before expensive hashing or buffering	instrumented bomb-body tests	PLANNED	YES
PX4-O03	PX	PX4	Cancellation/timeouts isolate requests without corrupting shared state	concurrency/failure tests	PLANNED	YES
PX4-O04	PX	PX4	Secrets and raw credentials never enter receipts or structured logs	log/receipt redaction audit	PLANNED	YES
PX5-O01	PX	PX5	Same DSL source compiles deterministically to same PolicyId	compiler KAT + repeatability	PLANNED	YES
PX5-O02	PX	PX5	Unknown keys and semantic conflicts reject explicitly	negative parser/semantic tests	PLANNED	YES
PX5-O03	PX	PX5	Units and limits normalize canonically	unit normalization properties	PLANNED	YES
PX5-O04	PX	PX5	Decompile/inspect preserves normalized policy meaning	compile-decompile differential	PLANNED	YES
IX0-O01	IX	IX0	OCI/ORAS push-pull round-trip preserves Sigma artifact bytes	registry round-trip fixtures	PLANNED	YES
IX0-O02	IX	IX0	OCI digest and Sigma ArtifactId remain distinct identities	identity API/docs tests	PLANNED	YES
IX0-O03	IX	IX0	Registry metadata never enters ArtifactId	metadata mutation differential	PLANNED	YES
IX0-O04	IX	IX0	Pulled artifact can be verified offline after canonical extraction	offline verification fixtures	PLANNED	YES
IX1-O01	IX	IX1	Sigstore signing/bundle attachment does not change ArtifactId	adapter differential	PLANNED	YES
IX1-O02	IX	IX1	Issuer and subject identity requirements are explicit policy inputs	identity-policy tests	PLANNED	YES
IX1-O03	IX	IX1	Rekor inclusion is a separate policy fact from artifact validity	claim-boundary tests	PLANNED	YES
IX1-O04	IX	IX1	Sigma receipt signatures and Sigstore signatures remain distinguishable	cross-signature negative tests	PLANNED	YES
IX2-O01	IX	IX2	Sigma artifacts map canonically to in-toto subjects/materials	adapter schema corpus	PLANNED	YES
IX2-O02	IX	IX2	Unsupported in-toto/SLSA semantics remain explicit	unsupported-field tests	PLANNED	YES
IX2-O03	IX	IX2	SLSA level is never inferred from opaque provenance bytes	claim audit + negative tests	PLANNED	YES
IX2-O04	IX	IX2	External attestation digests never replace ArtifactId	identity boundary differential	PLANNED	YES
IX3-O01	IX	IX3	TUF metadata verification precedes Sigma target verification	ordered verifier instrumentation	PLANNED	YES
IX3-O02	IX	IX3	TUF freshness/rollback/freeze claims remain TUF-specific	claim boundary review	PLANNED	YES
IX3-O03	IX	IX3	Sigma references in TUF target metadata round-trip canonically	target metadata fixtures	PLANNED	YES
IX4-O01	IX	IX4	All signing backends receive the same canonical signing input	mock backend differential	PLANNED	YES
IX4-O02	IX	IX4	Private key material is never serialized into artifact/receipt/log output	secret-leak audit	PLANNED	YES
IX4-O03	IX	IX4	Signature algorithm allowlist is closed and explicit	unsupported algorithm tests	PLANNED	YES
IX4-O04	IX	IX4	Backend failure never silently falls back to another key/backend	failure injection	PLANNED	YES
IX5-O01	IX	IX5	Transparency inclusion is separate from semantic artifact validity	claim/result schema tests	PLANNED	YES
IX5-O02	IX	IX5	Log inclusion and consistency proofs verify against explicit checkpoints	log proof differential	PLANNED	YES
IX5-O03	IX	IX5	Log timestamps remain log-specific claims, not trusted product time	docs/API audit	PLANNED	YES
IX5-O04	IX	IX5	Transparency receipts are auxiliary and never change ArtifactId	identity differential	PLANNED	YES
ML0-O01	ML	ML0	Data/ML metadata profiles are explicitly versioned	codec/profile KAT	PLANNED	YES
ML0-O02	ML	ML0	Identity-bound and advisory metadata fields are disjoint by schema	schema audit + mutations	PLANNED	YES
ML0-O03	ML	ML0	Advisory/mutable metadata changes do not alter ArtifactId	identity differential	PLANNED	YES
ML0-O04	ML	ML0	Unknown metadata profiles return Unsupported explicitly	negative parser tests	PLANNED	YES
ML1-O01	ML	ML1	Format inspection never executes arbitrary model/user code	malicious fixture tests	PLANNED	YES
ML1-O02	ML	ML1	Tensor/column/chunk inventories are deterministic	format differential fixtures	PLANNED	YES
ML1-O03	ML	ML1	Logical object ranges map exactly to physical byte ranges	mapping property tests	PLANNED	YES
ML1-O04	ML	ML1	Generated Tree range proofs verify the mapped physical regions	proof/adapter differential	PLANNED	YES
ML2-O01	ML	ML2	Top-level sharded artifact binds ordered shard ArtifactIds	shard-order mutation tests	PLANNED	YES
ML2-O02	ML	ML2	Missing and duplicate shards reject explicitly	negative shard corpus	PLANNED	YES
ML2-O03	ML	ML2	Partial shard verification policy is explicit	policy matrix tests	PLANNED	YES
ML2-O04	ML	ML2	Changed shard updates preserve unaffected shard identities/integrity	incremental shard differential	PLANNED	YES
ML3-O01	ML	ML3	Registry push/pull preserves canonical Sigma artifact/evidence bytes	integration round-trip corpus	PLANNED	YES
ML3-O02	ML	ML3	External registry metadata does not change ArtifactId	metadata mutation tests	PLANNED	YES
ML3-O03	ML	ML3	Pulled cache entries verify before trusted reuse	cache corruption tests	PLANNED	YES
ML3-O04	ML	ML3	Lineage/evidence attachments round-trip without changing core identity	adapter differential	PLANNED	YES
NR0-O01	NR	NR0	Rust core reproduces every frozen Tree/Artifact/Policy/Receipt KAT	cross-language KAT gate	PLANNED	YES
NR0-O02	NR	NR0	Rust parser accept/reject semantics match Python/reference corpus	parser differential/fuzz	PLANNED	YES
NR0-O03	NR	NR0	Unsafe Rust is absent or separately justified and reviewed	code audit	PLANNED	YES
NR0-O04	NR	NR0	Native implementation cannot alter existing wire/ID semantics	full corpus regression	PLANNED	YES
NR1-O01	NR	NR1	Pure-Python and Rust-backed Python APIs produce identical bytes/results	backend differential	PLANNED	YES
NR1-O02	NR	NR1	Exceptions, policy limits and unsupported cases remain semantically equivalent	negative backend differential	PLANNED	YES
NR1-O03	NR	NR1	Native backend fallback/availability is explicit, never silent semantic downgrade	backend selection tests	PLANNED	YES
NR1-O04	NR	NR1	Performance claims are published only after conformance closure	ledger/review gate	PLANNED	NO
NR2-O01	NR	NR2	Go SDK parses/serializes canonical wires byte-identically	cross-language corpus	PLANNED	YES
NR2-O02	NR	NR2	Go verification results match reference consumer where supported	verifier differential	PLANNED	YES
NR2-O03	NR	NR2	Unsupported full Trajectory evaluation is explicit until implemented	capability tests	PLANNED	YES
NR3-O01	NR	NR3	JS/WASM parses and serializes canonical wires byte-identically	browser/node KAT corpus	PLANNED	YES
NR3-O02	NR	NR3	JS/WASM Tree proof verification matches reference verifier	proof differential	PLANNED	YES
NR3-O03	NR	NR3	WASM/browser memory ceilings and large-input failures are explicit	memory/adversarial tests	PLANNED	YES
NR3-O04	NR	NR3	Node and browser/WASM supported operations agree semantically	cross-runtime differential	PLANNED	YES
AX0-O01	AX	AX0	RangeProof V1 bytes and semantics remain unchanged	frozen ST2 corpus regression	PLANNED	YES
AX0-O02	AX	AX0	Subchunk proof geometry has a separate profile/version	codec/design audit	PLANNED	YES
AX0-O03	AX	AX0	Disclosure bound is derived exactly for each registered subchunk profile	boundary/exhaustive tests	PLANNED	YES
AX0-O04	AX	AX0	Proof-size/verification/disclosure tradeoff has a complexity ledger	scale benchmark	PLANNED	YES
AX1-O01	AX	AX1	Selective-disclosure statement language is explicit and versioned	statement codec/spec review	PLANNED	YES
AX1-O02	AX	AX1	Threat model and trusted-setup assumptions are explicit	security design review	PLANNED	YES
AX1-O03	AX	AX1	No custom zero-knowledge primitive is introduced	primitive/dependency audit	PLANNED	YES
AX1-O04	AX	AX1	Privacy and soundness claims are scoped to selected proof system/statement	external-reference + claim review	PLANNED	YES
AX2-O01	AX	AX2	Untrusted cache/peer cannot alter locally accepted verification result	cache poisoning adversarial suite	PLANNED	YES
AX2-O02	AX	AX2	Distributed cache/proof keys are content-addressed	key determinism tests	PLANNED	YES
AX2-O03	AX	AX2	Received artifacts/proofs are always verified locally before trust	instrumentation tests	PLANNED	YES
AX2-O04	AX	AX2	Backpressure/cancellation/resource limits are explicit under remote load	protocol load/failure tests	PLANNED	YES
